r (m) ,0,0.25,0.5,0,0.25,0.5,0,0.25,0.5,0,0.25,0.5,0,0.25,0.5
z (m) ,0,0,0,0.25,0.25,0.25,0.5,0.5,0.5,0.75,0.75,0.75,1,1,1
,,,,,,,,,,,,,,,
t (hr) ,T (degC) ,,,,,,,,,,,,,,
0,27.99260474,28.00054422,28.00299988,27.99801445,28.00595799,28.00841211,27.99804543,28.00586502,28.00819566,27.99810692,28.00568052,28.00776612,27.99278813,27.99999393,28.00171868
0.1,23.4676054,36.2084457,43.3568676,24.97872074,40.64589586,49.07378304,25.02586679,40.44856089,48.71267097,25.11942319,40.05697028,47.99608186,23.69255271,35.28290059,41.64609534
0.2,21.5039166,44.35197174,55.68652691,23.01340492,53.34131796,67.49591844,23.09121908,52.94587518,66.83789148,23.2456331,52.16116034,65.53210582,21.85045971,42.65589625,52.81307204
0.3,20.29877161,51.9053711,65.76699686,21.74973762,66.08408178,83.92977518,21.84727179,65.48979453,83.00907195,22.04081537,64.31048737,81.1820283,20.71689406,49.51977819,61.97324189
0.4,19.49804677,59.07648258,74.5750356,20.95284259,78.85594797,99.14514184,21.0628174,78.06237299,97.98214795,21.28103198,76.48756145,95.67427711,19.95966494,56.04920517,69.99183928
0.5,19.00913375,65.91961513,82.38016344,20.57101701,91.64904815,113.3410309,20.68696921,90.65588929,111.9525824,20.91698772,88.68488081,109.1972229,19.49213827,62.28993382,77.10811114
0.6,18.70133985,72.55905728,89.59559103,20.45203958,104.4512507,126.9131722,20.56988341,103.2584074,125.3095057,20.8035503,100.890879,122.126889,19.19276798,68.35077762,83.69296353
0.7,18.59659566,78.95739614,96.14530389,20.65092275,117.260139,139.7550843,20.76573091,115.8675936,137.9481427,20.99316996,113.1032522,134.3617966,19.08184696,74.19818747,89.67711913
0.8,18.68555039,85.1106341,102.0554985,21.18101585,130.069741,151.8637744,21.28768018,128.4776452,149.8655285,21.49857399,125.316308,145.8988918,19.15066085,79.82807991,95.08337945
0.9,18.94418773,91.03391898,107.4017836,22.0298017,142.8723142,163.2933701,22.12345131,141.0810586,161.114931,22.30782786,137.5226667,156.7895141,19.3769395,85.25341257,99.97932032
1,19.34869043,96.74543615,112.2600045,23.17838507,155.6594257,174.10563,23.25450546,153.6697093,171.7571809,23.4029162,149.7142919,167.0923291,19.73863889,90.48997166,104.4329899
1.1,19.8798195,102.2604597,116.6909862,24.60908097,168.4222759,184.3524908,24.66351978,166.2351862,181.8435049,24.76697798,161.8828007,176.8567055,20.21798015,95.55106573,108.4990683
1.2,20.52252143,107.5907243,120.7413603,26.30668638,181.1517206,194.0748179,26.33564385,178.7688265,191.4142937,26.38551933,174.019485,186.1215055,20.80106811,100.4469214,112.2195288
1.3,21.26468304,112.7451933,124.4476084,28.25799609,193.8382273,203.3051028,28.25802712,191.2616828,200.5017542,28.24595245,186.1152707,194.9176391,21.47672954,105.1853347,115.6272348
1.4,22.09621529,117.7308041,127.8391873,30.4512192,206.4718426,212.0698643,30.41924757,203.7044969,209.1322677,30.33703967,198.160688,203.2703424,22.23566203,109.7723177,118.748737
1.5,23.00850681,122.5529642,130.9404405,32.87559429,219.0421865,220.3911864,32.80893527,216.0876935,217.3278967,32.64852703,210.1458661,211.200639,23.06992768,114.2125322,121.6059874
1.6,23.99408635,127.215875,133.7717853,35.52115085,231.5384719,228.2876953,35.41753901,228.4013948,225.1073378,35.17091722,222.060552,218.7262672,23.97264067,118.5095746,124.2174056
1.7,25.04638934,131.7227667,136.3505325,38.3785473,243.9495446,235.7752428,38.23616759,240.6354501,232.4865837,37.89531543,233.8941487,225.862329,24.93775132,122.6661816,126.5986145
1.8,26.15958372,136.0760817,138.691497,41.43895013,256.2639384,242.8674253,41.25647088,252.7794779,239.4794231,40.81331429,245.635767,232.6217829,25.95988492,126.6843924,128.7629894
1.9,27.32843587,140.2776251,140.8074698,44.6939395,268.469939,249.5759927,44.47054615,264.8229142,246.0978329,43.91690391,257.2742863,239.0158319,27.03421792,130.5656818,130.7220816
2,28.54820636,144.3286881,142.7095869,48.13543416,280.5556525,255.9111755,47.87086293,276.755065,252.3522897,47.19840026,268.7984189,245.0542334,28.15638157,134.3110692,132.4859501
2.1,29.81456781,148.2301494,144.4076182,51.75563156,292.5090735,261.8819468,51.45020197,288.5651575,258.2520203,50.65038792,280.1967737,250.745549,29.32238618,137.921209,134.0634226
2.2,31.12353962,151.9825593,145.9101994,55.54695957,304.3181505,267.4962358,55.2016053,300.2423909,263.8052048,54.26567386,291.4579181,256.0973461,30.52856085,141.3964656,135.4623031
2.3,32.47143537,155.5862091,147.2250162,59.50203749,315.9708463,272.7611016,59.11833484,311.7759814,269.0191423,58.03725002,302.5704345,261.1163629,31.77150501,144.7369747,136.6895387
2.4,33.85481999,159.0411881,148.3589557,63.61364418,327.4551935,277.6828764,63.19383776,323.155205,273.9003885,61.95826264,313.5229724,265.8086451,33.04804889,147.9426949,137.7513559
2.5,35.27047454,162.3474315,149.3182293,67.87469186,338.759343,282.2672843,67.42171712,334.3694348,278.4548695,66.02198702,324.304294,270.1796581,34.35522115,151.01345,138.653371
2.6,36.71536704,165.5047597,150.1084748,72.27820438,349.8716077,286.519541,71.79570683,345.4081731,282.6879786,70.2218065,334.9033149,274.2343821,35.69022191,153.9489641,139.4006829
2.7,38.18662802,168.5129113,150.7348411,76.81729909,360.7804994,290.4444367,76.30965008,356.261081,286.6046565,74.55119491,345.3091392,277.9773905,37.05040032,156.7488914,139.9979489
2.8,39.68152997,171.3715701,151.2020592,81.48517155,371.4747612,294.0464069,80.95748054,366.9180022,290.2094614,79.00370169,355.5110895,281.4129175,38.43323558,159.4128405,140.4494493
2.9,41.19746993,174.0803882,151.5145025,86.27508258,381.9433944,297.329592,85.73320598,377.3689842,293.5066276,83.5729393,365.4987321,284.5449149,39.83632091,161.9403947,140.7591414
3,42.73195462,176.6390049,151.6762368,91.18034723,392.1756816,300.2978881,90.63089384,387.6042962,296.5001163,88.25257249,375.2618988,287.3771004,41.25734992,164.3311292,140.9307052
3.1,44.28258779,179.0470624,151.6910645,96.19432544,402.1612051,302.954991,95.64465852,397.6144434,299.1936601,93.03630909,384.7907044,289.9129995,42.69410487,166.5846248,140.9675827
3.2,45.8470593,181.304219,151.5625609,101.310414,411.889863,305.3044338,100.7686502,407.3901801,301.5908006,97.91789215,394.0755615,292.1559809,44.14444672,168.7004805,140.8730113
3.3,47.42313577,183.4101604,151.2941063,106.5220396,421.351881,307.3496189,105.9970451,416.922519,303.6949222,102.8910933,403.1071915,294.1092881,45.60630643,170.6783228,140.6500525
3.4,49.00865251,185.3646086,150.8889136,111.8226536,430.5378228,309.0938464,111.3240365,426.2027401,305.5092808,107.9497071,411.8766349,295.7760654,47.07767762,172.5178142,140.3016168
3.5,50.60150657,187.1673298,150.3500517,117.2057266,439.4385975,310.5403383,116.7438276,435.2223972,307.0370298,113.0875462,420.3752577,297.1593818,48.55661009,174.2186599,139.8304855
3.6,52.1996508,188.8181409,149.6804667,122.6647449,448.0454655,311.6922602,122.2506246,443.9733232,308.2812421,118.2984378,428.5947573,298.2622512,50.04120442,175.780614,139.2393286
3.7,53.80108865,190.3169147,148.8829994,128.1932077,456.3500426,312.5527393,127.8386316,452.4476343,309.2449303,123.5762202,436.5271664,299.0876501,51.52960715,177.2034838,138.5307222
3.8,55.40386985,191.6635844,147.9604013,133.7846242,464.3443028,313.124881,133.5020455,460.6377335,309.931064,128.9147408,444.1648556,299.6385329,53.02000679,178.4871341,137.7071618
3.9,57.00608661,192.8581475,146.9153484,139.4325127,472.0205802,313.411783,139.2350526,468.5363126,310.3425855,134.3078543,451.5005352,299.9178462,54.51063039,179.6314904,136.7710752
4,58.60587044,193.9006688,145.750453,145.1303989,479.3715695,313.4165479,145.0318254,476.1363545,310.4824234,139.7494218,458.5272559,299.9285402,55.99974056,180.636542,135.7248333
4.1,60.20138955,194.7912829,144.4682745,150.8718164,486.3903261,313.1422944,150.8865202,483.4311342,310.3535052,145.2333101,465.2384089,299.6735794,57.48563306,181.5023438,134.5707597
4.2,61.79084653,195.5301966,143.0713287,156.6503064,493.0702653,312.5921665,156.793276,490.4142194,309.9587675,150.7533925,471.627725,299.1559521,58.96663476,182.2290184,133.3111392
4.3,63.37247655,196.1176902,141.5620957,162.4594186,499.4051611,311.7693423,162.7462131,497.0794715,309.3011664,156.303549,477.6892739,298.3786784,60.44110192,182.8167579,131.9482251
4.4,64.94454591,196.5541194,139.9430276,168.2927129,505.3891449,310.6770417,168.7394335,503.4210449,308.3836855,161.8776673,483.4174627,297.3448174,61.90741884,183.2658246,130.484246
4.5,66.50535078,196.839916,138.2165545,174.1437605,511.0167027,309.3185325,174.7670207,509.4333878,307.2093439,167.4696451,488.8070339,296.0574736,63.3639968,183.5765526,128.921411
4.6,68.05321635,196.975589,136.3850902,180.0061468,516.2826737,307.6971363,180.8230409,515.1112412,305.7812026,173.0733915,493.8530632,294.5198022,64.80927322,183.7493479,127.2619153
4.7,69.58649612,196.9617251,134.4510368,185.8734733,521.1822471,305.8162339,186.9015441,520.4496386,304.1023708,178.6828296,498.5509576,292.7350142,66.24171102,183.7846896,125.5079445
4.8,71.10357143,196.7989896,132.4167897,191.7393608,525.7109599,303.6792691,192.9965663,525.4439055,302.1760112,184.2918993,502.8964528,290.7063806,67.65979823,183.6831299,123.6616783
4.9,72.60285118,196.4881259,130.2847405,197.5974528,529.8646936,301.2897529,199.1021316,530.0896586,300.0053442,189.8945599,506.8856104,288.4372358,69.06204773,183.4452945,121.725294
5,74.08277168,196.0299565,128.0572811,203.4414184,533.6396718,298.6512664,205.2122547,534.3828049,297.5936526,195.484794,510.5148155,285.9309809,70.44699712,183.0718828,119.7009697
5.1,75.54179667,195.4253828,125.7368058,209.2649564,537.0324566,295.7674639,211.3209439,538.3195409,294.9442847,201.0566102,513.7807738,283.1910864,71.81320878,182.5636677,117.5908867
5.2,76.97841744,194.6753845,123.3257145,215.0617991,540.039946,292.6420751,217.4222047,541.8963515,292.0606575,206.6040476,516.6805086,280.2210947,73.15926996,181.9214959,115.3972317
5.3,78.39115301,193.7810203,120.8264142,220.8257161,542.6593706,289.2789071,223.5100429,545.110009,288.9462592,212.1211789,519.2113582,277.0246213,74.48379301,181.1462871,113.1221987
5.4,79.77855049,192.7434269,118.2413213,226.5505189,544.8882903,285.6818457,229.5784687,547.9575723,285.6046518,217.6021146,521.3709731,273.6053569,75.78541568,180.2390345,110.7679909
5.5,81.13918539,191.563819,115.572863,232.2300646,546.7245912,281.8548569,235.6215006,550.4363854,282.0394725,223.0410073,523.1573124,269.9670685,77.06280148,179.2008038,108.336822
5.6,82.4716621,190.2434887,112.8234782,237.8582608,548.1664826,277.8019878,241.6331693,552.5440763,278.2544356,228.4320554,524.5686417,266.1136002,78.3146401,178.0327331,105.8309171
5.7,83.77461436,188.7838053,109.9956191,243.4290696,549.2124933,273.5273669,247.6075225,554.2785557,274.2533333,233.7695077,525.6035293,262.0488737,79.53964788,176.7360325,103.2525138
5.8,85.04670574,187.1862142,107.0917519,248.9365123,549.8614687,269.0352049,253.538629,555.6380161,270.040037,239.0476674,526.2608439,257.7768889,80.73656829,175.3119834,100.6038633
5.9,86.28663022,185.4522367,104.1143572,254.3746737,550.1125676,264.3297947,259.4205834,556.62093,265.6184974,244.2608963,526.5397511,253.301724,81.90417245,173.7619376,97.8872303
6,87.49311273,183.5834688,101.0659304,259.7377065,549.9652585,259.415511,265.2475106,557.2260485,260.9927456,249.4036192,526.4397106,248.6275353,83.0412597,172.0873175,95.10489401
6.1,88.66490976,181.5815812,97.94898266,265.0198361,549.4193169,254.2968102,271.0135703,557.4524003,256.1668922,254.4703282,525.960473,243.7585568,84.14665814,170.2896143,92.2591481
6.2,89.80080992,179.4483176,94.76604027,270.2153643,548.4748213,248.9782298,276.7129624,557.2992898,251.1451284,259.4555866,525.1020769,238.6991001,85.21922519,168.3703882,89.35230092
6.3,90.89963453,177.1854943,91.51964512,275.3186745,547.1321504,243.4643878,282.3399307,556.7662955,245.9317245,264.3540333,523.8648455,233.4535532,86.25784816,166.3312668,86.38667555
6.4,91.96023821,174.7949993,88.21235447,280.3242353,545.3919797,237.7599815,287.8887686,555.8532686,240.5310304,269.1603867,522.2493839,228.0263801,87.26144485,164.1739448,83.36460963
6.5,92.98150951,172.2787911,84.84674074,285.2266048,543.2552776,231.8697868,293.3538232,554.5603312,234.947474,273.8694491,520.2565756,222.4221196,88.22896405,161.9001829,80.28845519
6.6,93.9623714,169.6388977,81.42539116,290.0204351,540.7233025,225.7986566,298.7295003,552.8878741,229.185561,278.4761102,517.8875794,216.6453841,89.15938616,159.5118067,77.16057833
6.7,94.9017819,166.8774155,77.9509074,294.700476,537.7975993,219.5515196,304.010269,550.8365558,223.2498737,282.9753511,515.1438262,210.7008582,90.05172368,157.0107058,73.98335884
6.8,95.79873458,163.9965082,74.42590499,299.2615791,534.4799955,213.133379,309.1906662,548.4072996,217.1450693,287.3622484,512.0270157,204.5932977,90.90502177,154.3988328,70.75918973
6.9,96.65225915,160.9984058,70.85301278,303.6987014,530.7725982,206.5493104,314.2653014,545.6012922,210.8758795,291.6319774,508.5391134,198.3275276,91.71835875,151.6782022,67.49047663
7,97.4614219,157.8854029,67.23487222,308.0069094,526.6777901,199.8044602,319.228861,542.4199813,204.4471079,295.7798161,504.6823464,191.9084405,92.49084661,148.8508894,64.17963724
7.1,98.22532624,154.659858,63.57413664,312.1813823,522.198226,192.904044,324.0761127,538.8650734,197.8636294,299.8011485,500.4592012,185.340995,93.22163146,145.919029,60.82910056
7.2,98.94311313,151.3241917,59.87347042,316.217416,517.3368291,185.853344,328.80191,534.9385316,191.1303878,303.6914677,495.8724193,178.6302135,93.90989401,142.8848144,57.44130622
7.3,99.61396156,147.8808856,56.13554814,320.1104257,512.0967872,178.6577075,333.4011966,530.6425733,184.2523941,307.4463797,490.9249938,171.7811806,94.55485,139.7504959,54.01870364
7.4,100.237089,144.3324809,52.36305364,323.85595,506.4815492,171.3225443,337.8690101,525.9796672,177.2347247,311.0616061,485.6201664,164.7990404,95.1557506,136.5183796,50.56375116
7.5,100.8117515,140.6815769,48.55867902,327.4496536,500.4948208,163.8533244,342.2004863,520.9525314,170.082519,314.5329873,479.9614232,157.688995,95.71188281,133.1908263,47.07891518
7.6,101.3372448,136.9308293,44.72512364,330.8873301,494.1405606,156.2555758,346.3908635,515.5641301,162.8009777,317.8564853,473.9524912,150.4563016,96.22256979,129.77025,43.56666917
7.7,101.8129036,133.0829494,40.86509305,334.1649054,487.4229766,148.5348819,350.4354857,509.8176713,155.3953599,321.0281867,467.5973347,143.1062706,96.68717127,126.2591163,40.0294927
7.8,102.2381029,129.1407016,36.98129783,337.2784399,480.3465215,140.6968788,354.329807,503.7166036,147.8709813,324.0443051,460.900151,135.6442628,97.10508378,122.6599412,36.46987045
7.9,102.6122575,125.1069025,33.0764525,340.2241315,472.915889,132.7472529,358.0693947,497.2646132,140.2332115,326.9011835,453.8653672,128.0756872,97.47574098,118.9752899,32.89029111
8,102.9348229,120.9844191,29.1532743,342.9983179,465.1360094,124.6917382,361.6499332,490.4656209,132.4874712,329.5952973,446.4976356,120.4059981,97.79861394,115.2077746,29.29324628
8.1,103.2052949,116.7761671,25.21448197,345.5974789,457.0120452,116.5361129,365.0672272,483.3237789,124.6392303,332.123256,438.80183,112.6406927,98.07321132,111.3600539,25.68122941
8.2,103.4232105,112.4851091,21.26279453,348.0182388,448.549387,108.2861975,368.317205,475.8434674,116.6940046,334.4818056,430.7830414,104.7853083,98.29907962,107.4348302,22.05673461
8.3,103.5881473,108.1142532,17.30093001,350.2573683,439.7536491,99.9478513,371.3959217,468.0292913,108.6573531,336.6678306,422.4465742,96.84541958,98.47580338,103.4348492,18.4222555
8.4,103.6997244,103.6666509,13.3316041,352.3117867,430.6306645,91.52696935,374.2995624,459.8860766,100.5348758,338.6783558,413.7979414,88.82663555,98.60300527,99.36289743,14.78028401
8.5,103.7576019,99.14539559,9.357528931,354.1785633,421.1864809,83.02947981,377.0244447,451.4188669,92.33220987,340.5105486,404.8428606,80.73459701,98.68034628,95.2218012,11.13330918
8.6,103.7614815,94.55362055,5.381411659,355.8549197,411.4273557,74.46134063,379.5670217,442.6329192,84.05502766,342.1617198,395.5872496,72.57497341,98.70752582,91.01442457,7.483815942
8.7,103.711106,89.89449728,1.405953159,357.3382306,401.3597512,65.82853653,381.9238848,433.5337007,75.70903313,343.629326,386.0372217,64.35345996,98.68428177,86.74366788,3.834283862
8.8,103.6062601,85.17123356,-2.566153351,358.6260262,390.99033,57.13707578,384.0917662,424.1268846,67.29995908,344.9109704,376.1990816,56.0757746,98.61039055,82.41246593,0.187185901
8.9,103.4467695,80.38707157,-6.532223686,359.7159927,380.3259502,48.39298704,386.0675408,414.418346,58.83356401,346.0044046,366.07932,47.74765497,98.48566713,78.0237863,-3.455012855
9,103.2325017,75.54528597,-10.48958408,360.6059739,369.3736598,39.60231614,387.8482293,404.4141577,50.31562905,346.9075294,355.6846097,39.3748553,98.30996508,73.5806276,-7.089856473
9.1,102.9633654,70.64918202,-14.43557257,361.2939721,358.1406924,30.77112277,389.4309996,394.1205861,41.75195479,347.618396,345.0218004,30.96314337,98.08317649,69.08601766,-10.71489945
9.2,102.6393107,65.70209358,-18.36754041,361.7781493,346.6344616,21.90547722,390.8131692,383.544087,33.14835815,348.1352072,334.0979137,22.51829729,97.80523195,64.54301179,-14.327708
9.3,102.260329,60.70738117,-22.28285349,362.0568277,334.862556,13.01145704,391.9922073,372.6913007,24.5106691,348.4563179,322.9201386,14.04610241,97.47610046,59.95469089,-17.92586137
9.4,101.8264527,55.66842997,-26.17889371,362.1284907,322.8327337,4.095143734,392.9657357,361.569048,15.84472751,348.5802359,311.4958264,5.55234808,97.09578936,55.32415972,-21.50695309
9.5,101.3377551,50.5886478,-30.05306042,361.9917834,310.5529173,-4.837380673,393.7315315,350.1843251,7.156379832,348.5056227,299.8324851,-2.957175532,96.66434417,50.65454495,-25.06859233
9.6,100.7943504,45.47146314,-33.90277181,361.6455128,298.0311881,-13.78003696,394.2875279,338.5442993,-1.548524166,348.2312938,287.9377752,-11.47668065,96.18184848,45.94899337,-28.60840516
9.7,100.1963934,40.32032303,-37.72546636,361.0886488,285.275781,-22.72675212,394.6318157,326.6563039,-10.26413469,347.7562192,275.8195035,-20.00038515,95.64842373,41.21066999,-32.12403584
9.8,99.54407901,35.13869108,-41.51860418,360.3203236,272.2950785,-31.67146279,394.7626448,314.5278335,-18.98460523,347.0795236,263.4856187,-28.52251579,95.06422908,36.44275615,-35.61314815
9.9,98.83764253,29.93004536,-45.2796685,359.3398327,259.0976056,-40.60811865,394.678425,302.1665388,-27.70409593,346.2004866,250.9442056,-37.03731145,94.42946114,31.64844761,-39.07342667
10,98.0773589,24.69787635,-49.00616697,358.1466341,245.6920234,-49.53068582,394.3777273,289.5802219,-36.41677684,345.118543,238.2034797,-45.53902643,93.74435374,26.83095266,-42.50257805
10.1,97.2635426,19.44568484,-52.69563315,356.740349,232.0871242,-58.43315034,393.8592843,276.7768305,-45.11683137,343.8332824,225.2717819,-54.0219337,93.00917769,21.99349017,-45.8983323
10.2,96.39654729,14.17697986,-56.3456278,355.1207608,218.2918251,-67.30952156,393.1219916,263.7644536,-53.79845953,342.344449,212.1575729,-62.48032813,92.22424044,17.1392877,-49.25844406
10.3,95.4767655,8.895276563,-59.95374031,353.2878154,204.3151622,-76.15383557,392.164908,250.5513153,-62.45588138,340.6519418,198.8694279,-70.90852981,91.38988584,12.27157953,-52.58069389
10.4,94.50462819,3.604094103,-63.51759004,351.2416205,190.1662849,-84.96015861,390.9872559,237.1457701,-71.08334028,338.755814,185.4160305,-79.30088724,90.50649377,7.39360472,-55.86288947
10.5,93.48060441,-1.693046444,-67.03482769,348.9824451,175.8544499,-93.7225905,389.5884221,223.556297,-79.67510634,336.6562723,171.8061675,-87.65178065,89.57447976,2.508605176,-59.1028669
10.6,92.40520085,-6.992624207,-70.50313659,346.5107191,161.3890149,-102.435268,387.9679578,209.7914942,-88.22547965,334.3536769,158.0487229,-95.95562518,88.59429469,-2.380176302,-62.29849188
10.7,91.27896142,-12.29112064,-73.92023408,343.8270319,146.779433,-111.0923683,386.1255786,195.8600736,-96.72879369,331.8485402,144.1526722,-104.2068741,87.56642433,-7.269497979,-65.44766099
10.8,90.10246678,-17.58502163,-77.28387276,340.9321325,132.0352459,-119.6881123,384.0611647,181.7708551,-105.1794186,329.1415267,130.1270767,-112.4000222,86.49138894,-12.15612113,-68.54830281
10.9,88.87633384,-22.87081962,-80.59184181,337.8269278,117.1660787,-128.2167679,381.7747611,167.5327606,-113.5717646,326.2334515,115.9810777,-120.5296087,85.36974286,-17.03681201,-71.5983792
11,87.60121529,-28.14501571,-83.84196826,334.5124819,102.1816327,-136.6726534,379.2665766,153.1548089,-121.900285,323.1252798,101.7238903,-128.5902206,84.20207402,-21.90834378,-74.59588639
11.1,86.27779903,-33.40412178,-87.03211823,330.9900149,87.09168,-145.0501409,376.5369844,138.6461092,-130.1594799,319.8181259,87.36479787,-136.5764957,82.9890035,-26.76749848,-77.53885619
11.2,84.90680769,-38.64466257,-90.16019816,327.2609017,71.90605675,-153.3436596,373.5865208,124.0158557,-138.3438988,316.3132515,72.91314587,-144.4831261,81.73118499,-31.61106894,-80.42535711
11.3,83.488998,-43.86317782,-93.22415604,323.3266705,56.63465704,-161.5476989,370.4158853,109.2733217,-146.4481446,312.6120653,58.37833601,-152.3048609,80.42930433,-36.43586077,-83.25349547
11.4,82.02516021,-49.05622431,-96.22198259,319.1890017,41.28742661,-169.6568114,367.0259396,94.42785316,-154.4668763,308.716121,43.76982017,-160.0365092,79.08407891,-41.23869425,-86.0214165
11.5,80.51611755,-54.22037797,-99.15171241,314.8497261,25.87435646,-177.6656169,363.4177068,79.48886349,-162.394812,304.6271162,29.09709445,-167.6729438,77.69625721,-46.01640626,-88.72730544
11.6,78.96272551,-59.35223594,-102.0114251,310.3108233,10.40547653,-185.5688046,359.5923708,64.46582692,-170.2267327,300.346891,14.36969309,-175.2091033,76.26661813,-50.76585221,-91.36938856
11.7,77.3658713,-64.44841865,-104.7992465,305.5744201,-5.109150674,-193.361137,355.5512749,49.36827273,-177.9574848,295.8774259,-0.40281757,-182.639996,74.79597049,-55.48390795,-93.94593422
11.8,75.7264731,-69.50557183,-107.5133497,300.6427887,-20.65943644,-201.0374523,351.2959209,34.20577908,-185.5819833,291.220841,-15.21084513,-189.960702,73.28515238,-60.16747164,-96.45525384
11.9,74.04547945,-74.52036857,-110.1519559,295.518345,-36.23527225,-208.5926682,346.8279679,18.98796698,-193.0952151,286.3793934,-30.04477721,-197.1663767,71.73503055,-64.81346565,-98.89570297
12,72.32386851,-79.48951132,-112.7133359,290.2036461,-51.82653616,-216.0217842,342.1492312,3.724494086,-200.4922417,281.3554759,-44.89498756,-204.2522533,70.14649979,-69.41883842,-101.2656821
12.1,70.56264738,-84.4097339,-115.1958108,284.7013889,-67.42309921,-223.3198848,337.2616802,-11.57495137,-207.7682022,276.1516149,-59.75184208,-211.2136461,68.52048225,-73.98056631,-103.5636379
12.2,68.76285136,-89.27780346,-117.5977528,279.0144075,-83.01483178,-230.4821428,332.1674377,-26.90065677,-214.9183163,270.7704684,-74.60570494,-218.0459525,66.85792681,-78.49565545,-105.7880636
12.3,66.92554321,-94.09052248,-119.9175868,273.1456713,-98.59161001,-237.5038214,326.8687776,-42.24289129,-221.9378871,265.214824,-89.44694463,-224.7446565,65.15980836,-82.96114354,-107.9375005
12.4,65.05181238,-98.84473067,-122.1537906,267.0982824,-114.1433221,-244.3802776,321.3681238,-57.59191204,-228.822304,259.4875967,-104.26594,-231.3053307,63.42712713,-87.37410166,-110.0105383
12.5,63.14277427,-103.5373069,-124.3048963,260.8754737,-129.6598749,-251.1069648,315.6680477,-72.93797026,-235.5670452,253.5918266,-119.0530865,-237.7236396,61.66090797,-91.73163607,-112.0058162
12.6,61.1995694,-108.1651711,-126.3694907,254.4806058,-145.1311998,-257.6794353,309.7712671,-88.27131752,-242.1676809,247.530677,-133.7988018,-243.9953416,59.86219963,-96.03088992,-113.9220238
12.7,59.22336264,-112.7252862,-128.3462168,247.9171653,-160.5472595,-264.0933432,303.6806432,-103.5822118,-248.6198752,241.3074314,-148.4935322,-250.1162918,58.03207402,-100.269045,-115.7579015
12.8,57.2153424,-117.2146598,-130.2337738,241.1887613,-175.8980542,-270.3444469,297.3991795,-118.8609239,-254.9193895,234.9254915,-163.1277586,-256.0824445,56.17162545,-104.4433236,-117.5122415
12.9,55.17671978,-121.6303462,-132.0309185,234.2991236,-191.1736277,-276.4286115,290.9300189,-134.0977432,-261.0620846,228.3883749,-177.6920022,-261.8898553,54.28196989,-108.5509899,-119.1838886
13,53.10872772,-125.969448,-133.7364656,227.2520994,-206.3640737,-282.3418112,284.276442,-149.2829841,-267.0439233,221.6997118,-192.1768307,-267.5346839,52.36424419,-112.5893519,-120.7717404
13.1,51.01262021,-130.2291179,-135.3492888,220.0516507,-221.4595423,-288.0801322,277.441864,-164.4069922,-272.8609727,214.8632431,-206.5728641,-273.0131958,50.41960527,-116.5557629,-122.2747487
13.2,48.88967136,-134.4065607,-136.868321,212.7018515,-236.4502457,-293.6397743,270.429833,-179.46015,-278.5094068,207.8828172,-220.8707806,-278.3217651,48.44922936,-120.4476233,-123.6919193
13.3,46.74117458,-138.4990345,-138.2925553,205.2068846,-251.3264646,-299.0170537,263.2440271,-194.4328836,-283.9855085,200.7623876,-235.0613223,-283.4568763,46.45431116,-124.262382,-125.0223133
13.4,44.56844163,-142.5038529,-139.6210453,197.5710392,-266.0785543,-304.2084048,255.8882517,-209.3156681,-289.2856722,193.5060098,-249.1353013,-288.4151266,44.43606305,-127.997538,-126.265047
13.5,42.37280182,-146.4183863,-140.852906,189.798707,-280.6969506,-309.2103828,248.3664371,-224.0990339,-294.4064056,186.1178387,-263.0836052,-293.1932276,42.39571423,-131.6506418,-127.4192931
13.6,40.15560101,-150.2400635,-141.9873138,181.89438,-295.1721758,-314.0196651,240.6826356,-238.7735729,-299.3443319,178.6021254,-276.8972028,-297.7880076,40.33450995,-135.2192974,-128.4842804
13.7,37.91820078,-153.9663733,-143.0235077,173.8626465,-309.4948449,-318.633054,232.8410185,-253.3299439,-304.0961922,170.9632144,-290.5671498,-302.1964134,38.25371059,-138.701163,-129.4592951
13.8,35.66197746,-157.5948663,-143.9607888,165.7081887,-323.655671,-323.0474779,224.8458736,-267.7588791,-308.6588468,163.2055403,-304.0845946,-306.4155119,36.15459084,-142.0939531,-130.3436803
13.9,33.38832123,-161.1231561,-144.7985217,157.4357788,-337.6454712,-327.2599935,216.7016016,-282.0511894,-313.0292777,155.3336252,-317.4407833,-310.442492,34.03843886,-145.3954394,-131.1368372
14,31.09863516,-164.5489206,-145.536134,149.0502758,-351.4551728,-331.2677878,208.4127137,-296.1977706,-317.2045898,147.3520749,-330.6270656,-314.2746663,31.90655539,-148.6034525,-131.838225
14.1,28.79433429,-167.8699039,-146.1731173,140.5566226,-365.0758184,-335.068179,199.983828,-310.1896087,-321.1820134,139.2655764,-343.6349002,-317.9094728,29.76025289,-151.715883,-132.4473612
14.2,26.47684471,-171.0839173,-146.709027,131.9598418,-378.4985717,-338.6586188,191.4196665,-324.0177862,-324.9589051,131.0788941,-356.4558599,-321.3444761,27.60085464,-154.7306829,-132.9638222
14.3,24.14760253,-174.1888406,-147.1434828,123.265033,-391.7147231,-342.0366935,182.7250519,-337.6734872,-328.5327499,122.7968669,-369.0816369,-324.5773688,25.4296939,-157.645867,-133.3872429
14.4,21.80805302,-177.1826237,-147.4761689,114.4773689,-404.7156948,-345.2001257,173.9049042,-351.1480029,-331.9011624,114.4244047,-381.504048,-327.6059736,23.24811298,-160.4595136,-133.7173178
14.5,19.45964956,-180.0632877,-147.706834,105.6020919,-417.4930468,-348.1467753,164.9642373,-364.4327377,-335.0618885,105.9664851,-393.7150401,-330.4282435,21.05746236,-163.1697662,-133.9538004
14.6,17.10385276,-182.8289259,-147.8352916,96.64451034,-430.0384813,-350.8746413,155.9081559,-377.5192138,-338.0128065,97.42815004,-405.7066943,-333.0422638,18.8590998,-165.7748344,-134.0965035
14.7,14.74212941,-185.4777052,-147.86142,87.60999514,-442.3438485,-353.3818622,146.7418513,-390.3990773,-340.7519285,88.81450228,-417.4712319,-335.446253,16.65438944,-168.2729951,-134.1452996
14.8,12.3759516,-188.0078671,-147.7851625,78.50397604,-454.4011516,-355.6667177,137.4705987,-403.0641029,-343.2774015,80.13070207,-429.0010183,-337.6385637,14.44470089,-170.6625932,-134.1001206
14.9,10.00679566,-190.417729,-147.606527,69.33193792,-466.2025515,-357.7276296,128.0997532,-415.5061991,-345.5875085,71.38196356,-440.2885686,-339.6176837,12.23140834,-172.9420431,-133.9609582
15,7.636141245,-192.7056847,-147.3255867,60.09941713,-477.7403718,-359.5631626,118.634746,-427.7174139,-347.6806698,62.57355135,-451.3265514,-341.3822369,10.01588964,-175.1098294,-133.7278633
15.1,5.26547035,-194.8702061,-146.9424793,50.81199777,-489.0071038,-361.172025,109.0810812,-439.6899389,-349.5554433,53.71077691,-462.1077942,-342.9309839,7.799525377,-177.1645077,-133.4009466
15.2,2.896266324,-196.9098433,-146.4574071,41.4753079,-499.9954108,-362.5530697,99.44433186,-451.416115,-351.210526,44.79899505,-472.6252873,-344.2628231,5.583698024,-179.1047059,-132.9803781
15.3,0.530012908,-198.8232262,-145.8706372,32.0950158,-510.6981329,-363.7052947,89.730136,-462.8884368,-352.6447546,35.84360029,-482.8721883,-345.3767907,3.369790974,-180.9291246,-132.466387
15.4,-1.83180674,-200.6090649,-145.1825008,22.67682617,-521.1082915,-364.6278437,79.94419322,-474.0995573,-353.8571058,26.85002327,-492.8418265,-346.2720619,1.159187661,-182.6365379,-131.8592616
15.5,-4.187711019,-202.2661507,-144.3933934,13.22647633,-531.2190934,-365.3200067,70.09226065,-485.0422926,-354.8466972,17.82372716,-502.5277067,-346.947951,-1.04672935,-184.2257946,-131.1593493
15.6,-6.536220845,-203.7933567,-143.5037743,3.749732371,-541.0239352,-365.7812201,60.18014914,-495.7096268,-355.6127881,8.770203953,-511.9235137,-347.4039117,-3.24657927,-185.6958183,-130.3670561
15.7,-8.875860626,-205.1896385,-142.5141662,-5.747614655,-550.5164075,-366.0110671,50.2137194,-506.0947156,-356.1547793,-0.305029117,-521.023116,-347.6395378,-5.438983984,-187.0456084,-129.4828462
15.8,-11.20515922,-206.4540347,-141.4251552,-15.2597526,-559.6902985,-366.0092782,40.19887802,-516.1908914,-356.4722136,-9.396433289,-529.8205694,-347.6545628,-7.622568956,-188.2742409,-128.5072422
15.9,-13.52265089,-207.5856679,-140.2373902,-24.78085206,-568.5395982,-365.7757308,30.14157361,-525.9916668,-356.5647764,-18.49845193,-538.310121,-347.4488605,-9.795964116,-189.3808683,-127.4408244
16,-15.82687626,-208.5837448,-138.9515823,-34.30507025,-577.0585021,-365.3104496,20.04779276,-535.4907394,-356.4322957,-27.6055142,-546.4862128,-347.0224449,-11.95780476,-190.3647206,-126.2842302
16.1,-18.11638328,-209.4475567,-137.5685046,-43.82655487,-585.2414148,-364.6136063,9.923556132,-544.6819952,-356.0747416,-36.71203878,-554.3434849,-346.37547,-14.10673244,-191.2251059,-125.0381544
16.2,-20.38972813,-210.1764802,-136.0889918,-53.33944796,-593.0829531,-363.6855198,-0.225085611,-553.5595125,-355.4922273,-45.81243748,-561.8767788,-345.5082298,-16.24139584,-191.9614102,-123.7033479
16.3,-22.64547619,-210.7699774,-134.5139393,-62.83788974,-600.5779499,-362.5266554,-10.39205577,-562.1175661,-354.6850081,-54.90111902,-569.081141,-344.421158,-18.36045165,-192.5730985,-122.2806178
16.4,-24.88220299,-211.2275961,-132.8443029,-72.31602255,-607.7214571,-361.137625,-20.57125565,-570.3506301,-353.6534815,-63.97249262,-575.9518257,-343.1148276,-20.46256544,-193.0597143,-120.7708269
16.5,-27.09849506,-211.5489701,-131.081098,-81.7679946,-614.5087487,-359.5191862,-30.75656862,-578.2533822,-352.3981873,-73.02097175,-582.4842979,-341.5899509,-22.54641255,-193.4208807,-119.1748926
16.6,-29.29295092,-211.7338197,-129.2253992,-91.1879639,-620.9353238,-357.6722422,-40.94186413,-585.8207064,-350.9198066,-82.04097775,-588.6742361,-339.8473783,-24.6106789,-193.6563001,-117.4937869
16.7,-31.46418194,-211.7819515,-127.2783393,-100.5701021,-626.9969091,-355.5978409,-51.12100179,-593.0476968,-349.2191617,-91.02694354,-594.5175351,-337.8880985,-26.65406189,-193.7657543,-115.7285354
16.8,-33.61081328,-211.6932587,-125.2411089,-109.9085981,-632.689462,-353.2971743,-61.2878354,-599.92966,-347.2972153,-99.97331721,-600.0103084,-335.7132372,-28.6752712,-193.7491052,-113.8802171
16.9,-35.73148472,-211.467721,-123.1149554,-119.1976623,-638.0091729,-350.7715778,-71.436217,-606.4621187,-345.1550703,-108.8745657,-605.148891,-333.3240568,-30.67302967,-193.606294,-111.9499629
17,-37.82485159,-211.1054047,-120.9011823,-128.43153,-642.9524674,-348.0225291,-81.56000097,-612.640814,-342.7939686,-117.7251785,-609.9298408,-330.7219553,-32.64607407,-193.3373421,-109.9389559
17.1,-39.88958563,-210.6064626,-118.6011484,-137.6044652,-647.5160087,-345.0516475,-91.65304802,-618.4617084,-340.2152907,-126.5196709,-614.3499419,-327.9084655,-34.59315597,-192.9423505,-107.8484298
17.2,-41.92437582,-209.9711339,-116.2162667,-146.7107646,-651.6966996,-341.8606925,-101.7092292,-623.9209884,-337.4205543,-135.2525883,-618.4062057,-324.885254,-36.5130425,-192.4214998,-105.6796686
17.3,-43.92792924,-209.1997441,-113.7480041,-155.7447611,-655.4916843,-338.451563,-111.7224302,-629.0150665,-334.411414,-143.9185088,-622.0958728,-321.6541201,-38.40451718,-191.7750503,-103.4340055
17.4,-45.89897192,-208.2927045,-111.1978798,-164.7008276,-658.8983505,-334.8262961,-121.6865548,-633.7405838,-331.1896596,-152.5120476,-625.4164154,-318.2169947,-40.2663807,-191.0033416,-101.1128225
17.5,-47.83624963,-207.2505125,-108.5674647,-173.5733805,-661.9143306,-330.9870654,-131.5955294,-638.0944122,-327.7572151,-161.02786,-628.365538,-314.5759389,-42.09745165,-190.1067924,-98.71754884
17.6,-49.73852871,-206.0737504,-105.8583802,-182.3568838,-664.5375033,-326.9361798,-141.443307,-642.0736557,-324.116138,-169.4606451,-630.9411794,-310.7331429,-43.89656736,-189.0859004,-96.24966073
17.7,-51.60459686,-204.763086,-103.0722974,-191.0458519,-666.7659951,-322.6760824,-151.2238707,-645.6756533,-320.2686171,-177.8051491,-633.1415136,-306.6909243,-45.66258456,-187.9412417,-93.71068009
17.8,-53.43326392,-203.3192714,-100.2109361,-199.6348541,-668.5981811,-318.2093483,-160.931238,-648.8979796,-316.2169719,-186.0561691,-634.9649512,-302.4517271,-47.39438018,-186.6734707,-91.10217366
17.9,-55.22336262,-201.7431429,-97.27606325,-208.1185174,-670.0326864,-313.5386833,-170.5594647,-651.7384471,-311.9636506,-194.2085557,-636.4101401,-298.0181195,-49.09085206,-185.2833194,-88.42575202
18,-56.97374935,-200.0356204,-94.2694924,-216.4915304,-671.0683865,-308.6669223,-180.1026489,-654.1951071,-307.5112287,-202.2572173,-637.4759668,-293.3927927,-50.75091964,-183.7715972,-85.68306857
18.1,-58.68330489,-198.1977066,-91.1930822,-224.7486466,-671.7044082,-303.597027,-189.5549344,-656.2662512,-302.8624077,-210.1971227,-638.1615564,-288.5785593,-52.37352465,-182.1391903,-82.87581849
18.2,-60.35093513,-196.2304867,-88.04873533,-232.8846878,-671.9401303,-298.3320847,-198.9105149,-657.9504124,-298.0200127,-218.0233047,-638.4662736,-283.5783511,-53.95763183,-180.3870608,-80.00573767
18.3,-61.97557176,-194.1351276,-84.83839732,-240.8945476,-671.7751834,-292.8753059,-208.1636379,-659.2463657,-292.9869912,-225.7308632,-638.3897229,-278.3952174,-55.50222957,-178.5162466,-77.07460163
18.4,-63.55617296,-191.9128768,-81.5640553,-248.7731944,-671.209451,-287.2300221,-217.3086082,-660.1531293,-287.766411,-233.3149685,-637.9317489,-273.0323232,-57.00633054,-176.5278605,-74.08422435
18.5,-65.09172411,-189.5650621,-78.22773678,-256.515675,-670.2430686,-281.3996843,-226.3397916,-660.6699649,-282.3614582,-240.7708641,-637.0924364,-267.4929472,-58.46897236,-174.4230895,-71.0364572
18.6,-66.58123836,-187.0930907,-74.83150834,-264.1171178,-668.8764241,-275.3878601,-235.2516187,-660.7963783,-276.7754354,-248.0938704,-635.8721103,-261.7804793,-59.88921822,-172.2031939,-67.93318774
18.7,-68.02375735,-184.4984478,-71.37747434,-271.5727355,-667.1101576,-269.1982321,-244.0385886,-660.5321197,-271.0117594,-255.2793871,-634.2713352,-255.8984192,-61.26615742,-169.8695068,-64.77633852
18.8,-69.41835177,-181.7826964,-67.8677756,-278.8778289,-664.9451609,-262.8345951,-252.6952724,-659.8771841,-265.0739592,-262.3228965,-632.2909153,-249.8503734,-62.59890605,-167.4234331,-61.56786589
18.9,-70.76412197,-178.9474756,-64.30458806,-286.0277894,-662.3825765,-256.300854,-261.2163168,-658.8318106,-258.9656736,-269.2199664,-629.9318936,-243.6400534,-63.88660748,-164.8664485,-58.30975877
19,-72.06019853,-175.9945,-60.69012142,-293.0181021,-659.4237975,-249.6010209,-269.5964472,-657.3964834,-252.6906489,-275.9662529,-627.1955516,-237.2712734,-65.12843294,-162.2000987,-55.00403739
19.1,-73.30574286,-172.9255588,-57.02661772,-299.8443491,-656.0704664,-242.7392132,-277.830472,-655.5719302,-246.252737,-282.5575034,-624.0834082,-230.7479476,-66.32358206,-159.4259984,-51.65275204
19.2,-74.49994767,-169.7425139,-53.31634995,-306.5022116,-652.3244741,-235.7196505,-285.9132849,-653.3591228,-239.6558923,-288.9895589,-620.5972187,-224.0740878,-67.47128336,-156.5458305,-48.25798175
19.3,-75.64203756,-166.4472994,-49.56162064,-312.9874735,-648.1879586,-228.5466522,-293.8398693,-650.7592761,-232.9041696,-295.2583574,-616.7389738,-217.2538011,-68.57079478,-153.5613444,-44.82183302
19.4,-76.73126946,-163.0419205,-45.76476038,-319.2960236,-643.6633037,-221.2246345,-301.6053006,-647.7738471,-226.0017214,-301.3599358,-612.5108984,-210.2912869,-69.62140412,-150.4743557,-41.34643846
19.5,-77.76693312,-159.5284513,-41.9281264,-325.4238586,-638.7531376,-213.7581082,-309.2047502,-644.4045345,-218.9527956,-307.2904329,-607.91545,-203.1908348,-70.62242953,-147.2867444,-37.83395549
19.6,-78.74835162,-155.9090347,-38.05410103,-331.3670854,-633.460331,-206.151675,-316.6334882,-640.6532773,-211.7617323,-313.0460919,-602.9553174,-195.9568213,-71.57321992,-144.0004541,-34.28656495
19.7,-79.67488172,-152.18588,-34.14509026,-337.1219237,-627.7879958,-198.4100253,-323.8868865,-636.5222537,-204.4329615,-318.6232625,-597.6334186,-188.5937077,-72.47315539,-140.6174906,-30.70646977
19.8,-80.54591434,-148.3612623,-30.20352221,-342.6847087,-621.7394822,-190.537935,-330.9604221,-632.0138797,-196.9710001,-324.0184038,-591.9528995,-181.1060365,-73.32164764,-137.1399208,-27.09589354
19.9,-81.36087491,-144.4375206,-26.2318456,-348.0518931,-615.3183777,-182.5402624,-337.8496796,-627.1308076,-189.3804492,-329.2280859,-585.9171314,-173.4984293,-74.11814035,-133.5698712,-23.45707916
20,-82.11922378,-140.4170564,-22.23252823,-353.2200496,-608.528504,-174.4219455,-344.5503545,-621.8759246,-181.665991,-334.2489928,-579.5297093,-165.7755835,-74.8621095,-129.9095266,-19.79228739
20.1,-82.82045654,-136.3023324,-18.20805541,-358.1858731,-601.3739149,-166.1879984,-351.0582559,-616.2523504,-173.8323861,-339.0779242,-572.7944492,-157.9422693,-75.55306376,-126.161129,-16.10379549
20.2,-83.46410435,-132.0958706,-14.16092842,-362.9461829,-593.8588938,-157.8435083,-357.3693091,-610.263436,-165.8844704,-343.7117975,-565.7153861,-150.0033268,-76.19054478,-122.3269757,-12.39389573
20.3,-84.04973424,-127.8002512,-10.09366294,-367.4979245,-585.987951,-149.3936328,-363.4795582,-603.912761,-157.8271519,-348.1476501,-558.2967714,-141.9636633,-76.77412748,-118.4094182,-8.664893976
20.4,-84.57694939,-123.4181105,-6.008787456,-371.8381721,-577.7658207,-140.8435959,-369.385169,-597.2041317,-149.665408,-352.3826409,-550.5430698,-133.8282494,-77.30342034,-114.4108608,-4.91910827
20.5,-85.04538942,-118.9521394,-1.908841694,-375.9641298,-569.1974581,-132.1986851,-375.0824312,-590.1415787,-141.404282,-356.4140526,-542.4589572,-125.6021167,-77.77806565,-110.3337587,-1.158867336
20.6,-85.45473058,-114.4050819,2.203624983,-379.8731342,-560.2880365,-123.4642482,-380.567761,-582.7293543,-133.0488801,-360.2392933,-534.049317,-117.2903541,-78.19773974,-106.1806169,2.613490857
20.7,-85.80468597,-109.779733,6.326055167,-383.5626552,-551.0429436,-114.6456896,-385.8377035,-574.9719298,-124.6043681,-363.8558978,-525.3192377,-108.8981051,-78.5621532,-101.9539884,6.395620567
20.8,-86.09500575,-105.0789375,10.45588501,-387.0302987,-541.4677785,-105.7484674,-390.8889345,-566.8739927,-116.0759686,-367.26153,-516.2740093,-100.4305638,-78.87105104,-97.65647231,10.18516975
20.9,-86.32547728,-100.3055877,14.59054585,-390.2738074,-531.5683481,-96.77808916,-395.7182633,-558.4404442,-107.4689568,-370.4539836,-506.9191201,-91.89297263,-79.1242129,-93.29071292,13.97978152
21,-86.4959253,-95.46262157,18.72746577,-393.2910624,-521.3506635,-87.74010942,-400.3226344,-549.6763954,-98.78865815,-373.4311841,-497.2602533,-83.29061814,-79.32145316,-88.85939743,17.77709566
21.1,-86.60621197,-90.55302143,22.86407127,-396.0800848,-510.8209358,-78.64012549,-404.6991298,-540.5871648,-90.04044448,-376.1911899,-487.3032832,-74.62882826,-79.4626211,-84.36525451,21.57475006
21.2,-86.65623705,-85.57981157,26.99778883,-398.6390368,-499.985573,-69.48377426,-408.8449703,-531.1782745,-81.22973075,-378.7321937,-477.054272,-65.91296875,-79.54760094,-79.81105257,25.37038222
21.3,-86.64593793,-80.54605658,31.12604658,-400.9662232,-488.8511751,-60.27672855,-412.7575182,-521.455447,-72.36197164,-381.0525233,-466.5194655,-57.14843985,-79.57631201,-75.19959797,29.16163075
21.4,-86.57528965,-75.45485936,35.24627583,-403.0600922,-477.4245307,-51.02469362,-416.4342784,-511.4246016,-63.44265817,-383.1506435,-455.7052893,-48.34067289,-79.5487087,-70.53373332,32.9461368
21.5,-86.44430499,-70.30935919,39.35591277,-404.9192363,-465.7126122,-41.73340352,-419.8729002,-501.0918507,-54.47731423,-385.0251563,-444.6183449,-39.49512692,-79.4647806,-65.81633567,36.72154557
21.6,-86.25303439,-65.11272977,43.45239999,-406.5423938,-453.7225718,-32.40861756,-423.0711789,-490.4634958,-45.4714931,-386.6748023,-433.2654058,-30.61728522,-79.32455243,-61.05031468,40.48550779
21.7,-86.00156598,-59.86817722,47.53318815,-407.928449,-441.4617367,-23.05611665,-426.0270572,-479.5460238,-36.430774,-388.0984612,-421.6534125,-21.71265191,-79.12808409,-56.23861085,44.23568117
21.8,-85.69002552,-54.57893806,51.59573756,-409.0764336,-428.937605,-13.68169968,-428.7386269,-468.346103,-27.36075856,-389.2951529,-409.7894688,-12.7867485,-78.87547057,-51.38419362,47.96973189
21.9,-85.31857633,-49.24827719,55.63751972,-409.9855266,-416.1578402,-4.291179911,-431.2041295,-456.8705785,-18.26706734,-390.264038,-397.6808373,-3.845110383,-78.56684197,-46.49005955,51.68533605
22,-84.88741915,-43.87948585,59.65601899,-410.6550556,-403.1302673,5.109618707,-433.4219581,-445.1264686,-9.155336285,-391.0044183,-385.3349344,5.10671659,-78.20236334,-41.5592304,55.3801811
22.1,-84.39679208,-38.47587954,63.6487341,-411.0844967,-389.8628672,14.51486517,-435.3906578,-433.1209597,-0.031213187,-391.5157374,-372.7593263,14.06317962,-77.78223467,-36.59475129,59.05196736
22.2,-83.84697041,-33.04079596,67.61317972,-411.2734752,-376.3637721,23.91872506,-437.1089272,-420.8614023,9.099645835,-391.797581,-359.9617237,23.01872241,-77.3066907,-31.59968873,62.69840938
22.3,-83.23826646,-27.57759288,71.54688808,-411.2217658,-362.6412601,33.31536424,-438.5756193,-408.3553064,18.23157989,-391.8496773,-346.949977,31.96778869,-76.7760008,-26.57712875,66.31723742
22.4,-82.57102935,-22.0896461,75.44741041,-410.9292926,-348.7037503,42.69895248,-439.7897418,-395.6103363,27.35892688,-391.671897,-333.7320721,40.90482567,-76.19046882,-21.53017493,69.90619886
22.5,-81.84564487,-16.58034725,79.31231859,-410.3961297,-334.5597974,52.06366714,-440.7504582,-382.6343066,36.476027,-391.2642538,-320.3161243,49.82428752,-75.5504329,-16.46194647,73.46305959
22.6,-81.06253515,-11.05310176,83.13920658,-409.6225004,-320.2180863,61.4036968,-441.4570883,-369.4351766,45.57722635,-390.6269041,-306.710374,58.72063888,-74.85626525,-11.37557624,76.98560547
22.7,-80.22215847,-5.511326625,86.92569196,-408.6087779,-305.6874268,70.71324488,-441.9091087,-356.0210457,54.65688042,-389.760147,-292.9231814,67.58835827,-74.10837193,-6.274208779,80.47164362
22.8,-79.32500894,0.041551649,90.66941744,-407.3554845,-290.9767477,79.98653334,-442.106153,-342.4001484,63.70935767,-388.6644242,-278.9630212,76.42194163,-73.30719261,-1.160998393,83.91900389
22.9,-78.3716162,5.602099247,94.36805229,-405.8632918,-276.0950919,89.21780625,-442.0480124,-328.5808489,72.72904303,-387.3403199,-264.8384769,85.21590568,-72.45320029,3.960892885,87.32554016
23,-77.36254513,11.16687718,98.01929385,-404.1330198,-261.0516099,98.40133339,-441.7346357,-314.5716359,81.71034142,-385.7885601,-250.5582363,93.96479143,-71.54690098,9.088297244,90.68913169
23.1,-76.29839543,16.73244343,101.620869,-402.1656369,-245.8555549,107.5314139,-441.1661294,-300.3811176,90.64768128,-384.0100126,-236.1310852,102.6631676,-70.58883345,14.21804309,94.00768448
23.2,-75.17980131,22.29535512,105.1705353,-399.9622591,-230.5162762,116.6023797,-440.3427579,-286.018016,99.53551804,-382.0056863,-221.5659023,111.3056339,-69.57956886,19.34695703,97.27913254
23.3,-74.00743108,27.85217068,108.666083,-397.5241492,-215.0432141,125.6085994,-439.264943,-271.4911616,108.3683376,-379.7767304,-206.8716537,119.8868247,-68.51971037,24.47186587,100.5014392
23.4,-72.78198672,33.39945198,112.1053357,-394.8527165,-199.4458934,134.5444814,-437.933264,-256.8094878,117.1406597,-377.3244341,-192.0573872,128.4014119,-67.40989286,29.58959858,103.6725984
23.5,-71.50420345,38.93376648,115.4861524,-391.9495153,-183.7339177,143.4044775,-436.3484574,-241.9820253,125.8470417,-374.6502256,-177.1322264,136.8441089,-66.25078245,34.69698831,106.790636
23.6,-70.17484931,44.45168943,118.8064281,-388.8162447,-167.9169634,152.1830866,-434.5114162,-227.0178966,134.4820813,-371.7556714,-162.1053654,145.2096734,-65.04307612,39.79087434,109.8536108
23.7,-68.79472462,49.94980595,122.0640958,-385.4547468,-152.0047737,160.874858,-432.4231897,-211.9263104,143.0404208,-368.6424748,-146.9860627,153.492911,-63.78750127,44.8681041,112.859616
23.8,-67.36466153,55.42471321,125.2571276,-381.8670062,-136.0071521,169.4743948,-430.0849829,-196.7165553,151.5167496,-365.3124759,-131.7836357,161.688678,-62.4848153,49.92553511,115.8067803
23.9,-65.88552348,60.87302255,128.3835355,-378.0551485,-119.9339568,177.9763572,-427.4981555,-181.3979946,159.9058083,-361.7676493,-116.5074546,169.7918854,-61.13580509,54.96003696,118.6932691
24,-64.35820467,66.2913616,131.4413734,-374.0214391,-103.7950941,186.3754661,-424.6642214,-165.9800602,168.2023913,-358.0101039,-101.1669366,177.7975013,-59.74128654,59.96849329,121.5172855
24.1,-62.78362951,71.67637642,134.4287378,-369.7682815,-87.60051272,194.6665062,-421.5848476,-150.4722466,176.4013505,-354.0420809,-85.77154022,185.7005546,-58.30210405,64.94780371,124.2770716
24.2,-61.16275203,77.02473353,137.3437691,-365.2982164,-71.36019681,202.8443291,-418.2618534,-134.8841052,184.4975986,-349.8659529,-70.33075905,193.4961377,-56.81913003,69.89488575,126.9709097
24.3,-59.49655531,82.3331221,140.1846528,-360.6139196,-55.08416037,210.9038572,-414.6972091,-119.225238,192.4861118,-345.4842219,-54.85411605,201.1794099,-55.2932643,74.80667682,129.5971229
24.4,-57.78605084,87.59825592,142.9496209,-355.7182007,-38.78244068,218.8400859,-410.8930351,-103.5052922,200.3619334,-340.8995185,-39.35115748,208.7456003,-53.72543356,79.68013608,132.1540768
24.5,-56.0322779,92.81687553,145.6369524,-350.6140012,-22.46509205,226.6480876,-406.8516001,-87.73395336,208.1201767,-336.1145997,-23.83144695,216.1900108,-52.11659082,84.51224639,134.64018
24.6,-54.23630291,97.98575025,148.2449748,-345.3043927,-6.142179576,234.3230145,-402.5753204,-71.92094002,215.7560282,-331.1323473,-8.304559451,223.5080189,-50.4677148,89.30001617,137.0538854
24.7,-52.39921878,103.1016802,150.7720652,-339.7925749,10.17622721,241.8601012,-398.0667578,-56.07599732,223.2647503,-325.9557663,7.219924667,230.695081,-48.77980932,94.04048128,139.3936909
24.8,-50.52214423,108.1614981,153.2166511,-334.081874,26.48006061,249.2546685,-393.3286185,-40.20889093,230.6416848,-320.5879828,22.73242568,237.7467348,-47.05390267,98.73070687,141.6581405
24.9,-48.60622305,113.1620719,155.5772115,-328.1757402,42.75926108,256.5021256,-388.3637513,-24.32940101,237.8822552,-315.0322426,38.22337047,244.6586023,-45.29104695,103.3677893,143.8458256
25,-46.65262343,118.1003058,157.8522778,-322.0777458,59.00378354,263.5979734,-383.1751458,-8.447316065,244.98197,-309.2919082,53.68319854,251.4263925,-43.49231748,107.9488577,145.9553849
